,Datum
0,2017-01-02
1,2017-01-03
2,2017-01-04
3,2017-01-05
4,2017-01-06
5,2017-01-09
6,2017-01-10
7,2017-01-11
8,2017-01-12
9,2017-01-13
10,2017-01-16
11,2017-01-17
12,2017-01-18
13,2017-01-19
14,2017-01-20
15,2017-01-23
16,2017-01-24
17,2017-01-25
18,2017-01-26
19,2017-01-27
20,2017-01-30
21,2017-01-31
22,2017-02-01
23,2017-02-02
24,2017-02-03
25,2017-02-06
26,2017-02-07
27,2017-02-08
28,2017-02-09
29,2017-02-10
30,2017-02-13
31,2017-02-14
32,2017-02-15
33,2017-02-16
34,2017-02-17
35,2017-02-20
36,2017-02-21
37,2017-02-22
38,2017-02-23
39,2017-02-24
40,2017-02-27
41,2017-02-28
42,2017-03-01
43,2017-03-02
44,2017-03-03
45,2017-03-06
46,2017-03-07
47,2017-03-08
48,2017-03-09
49,2017-03-10
50,2017-03-13
51,2017-03-14
52,2017-03-15
53,2017-03-16
54,2017-03-17
55,2017-03-20
56,2017-03-21
57,2017-03-22
58,2017-03-23
59,2017-03-24
60,2017-03-27
61,2017-03-28
62,2017-03-29
63,2017-03-30
64,2017-03-31
65,2017-04-03
66,2017-04-04
67,2017-04-05
68,2017-04-06
69,2017-04-07
70,2017-04-10
71,2017-04-11
72,2017-04-12
73,2017-04-13
74,2017-04-18
75,2017-04-19
76,2017-04-20
77,2017-04-21
78,2017-04-24
79,2017-04-25
80,2017-04-26
81,2017-04-27
82,2017-04-28
83,2017-05-02
84,2017-05-03
85,2017-05-04
86,2017-05-05
87,2017-05-09
88,2017-05-10
89,2017-05-11
90,2017-05-12
91,2017-05-15
92,2017-05-16
93,2017-05-17
94,2017-05-18
95,2017-05-19
96,2017-05-22
97,2017-05-23
98,2017-05-24
99,2017-05-25
100,2017-05-26
101,2017-05-29
102,2017-05-30
103,2017-05-31
104,2017-06-01
105,2017-06-02
106,2017-06-05
107,2017-06-06
108,2017-06-07
109,2017-06-08
110,2017-06-09
111,2017-06-12
112,2017-06-13
113,2017-06-14
114,2017-06-15
115,2017-06-16
116,2017-06-19
117,2017-06-20
118,2017-06-21
119,2017-06-22
120,2017-06-23
121,2017-06-26
122,2017-06-27
123,2017-06-28
124,2017-06-29
125,2017-06-30
126,2017-07-03
127,2017-07-04
128,2017-07-07
129,2017-07-10
130,2017-07-11
131,2017-07-12
132,2017-07-13
133,2017-07-14
134,2017-07-17
135,2017-07-18
136,2017-07-19
137,2017-07-20
138,2017-07-21
139,2017-07-24
140,2017-07-25
141,2017-07-26
142,2017-07-27
143,2017-07-28
144,2017-07-31
145,2017-08-01
146,2017-08-02
147,2017-08-03
148,2017-08-04
149,2017-08-07
150,2017-08-08
151,2017-08-09
152,2017-08-10
153,2017-08-11
154,2017-08-14
155,2017-08-15
156,2017-08-16
157,2017-08-17
158,2017-08-18
159,2017-08-21
160,2017-08-22
161,2017-08-23
162,2017-08-24
163,2017-08-25
164,2017-08-28
165,2017-08-29
166,2017-08-30
167,2017-08-31
168,2017-09-01
169,2017-09-04
170,2017-09-05
171,2017-09-06
172,2017-09-07
173,2017-09-08
174,2017-09-11
175,2017-09-12
176,2017-09-13
177,2017-09-14
178,2017-09-15
179,2017-09-18
180,2017-09-19
181,2017-09-20
182,2017-09-21
183,2017-09-22
184,2017-09-25
185,2017-09-26
186,2017-09-27
187,2017-09-28
188,2017-09-29
189,2017-10-02
190,2017-10-03
191,2017-10-04
192,2017-10-05
193,2017-10-06
194,2017-10-09
195,2017-10-10
196,2017-10-11
197,2017-10-12
198,2017-10-13
199,2017-10-16
200,2017-10-17
201,2017-10-18
202,2017-10-19
203,2017-10-20
204,2017-10-23
205,2017-10-24
206,2017-10-25
207,2017-10-26
208,2017-10-27
209,2017-10-30
210,2017-10-31
211,2017-11-01
212,2017-11-02
213,2017-11-03
214,2017-11-06
215,2017-11-07
216,2017-11-08
217,2017-11-09
218,2017-11-10
219,2017-11-13
220,2017-11-14
221,2017-11-15
222,2017-11-16
223,2017-11-20
224,2017-11-21
225,2017-11-22
226,2017-11-23
227,2017-11-24
228,2017-11-27
229,2017-11-28
230,2017-11-29
231,2017-11-30
232,2017-12-01
233,2017-12-04
234,2017-12-05
235,2017-12-06
236,2017-12-07
237,2017-12-08
238,2017-12-11
239,2017-12-12
240,2017-12-13
241,2017-12-14
242,2017-12-15
243,2017-12-18
244,2017-12-19
245,2017-12-20
246,2017-12-21
247,2017-12-22
248,2017-12-27
249,2017-12-28
250,2017-12-29
251,2018-01-02
252,2018-01-03
253,2018-01-04
254,2018-01-05
255,2018-01-08
256,2018-01-09
257,2018-01-10
258,2018-01-11
259,2018-01-12
260,2018-01-15
261,2018-01-16
262,2018-01-17
263,2018-01-18
264,2018-01-19
265,2018-01-22
266,2018-01-23
267,2018-01-24
268,2018-01-25
269,2018-01-26
270,2018-01-29
271,2018-01-30
272,2018-01-31
273,2018-02-01
274,2018-02-02
275,2018-02-05
276,2018-02-06
277,2018-02-07
278,2018-02-08
279,2018-02-09
280,2018-02-12
281,2018-02-13
282,2018-02-14
283,2018-02-15
284,2018-02-16
285,2018-02-19
286,2018-02-20
287,2018-02-21
288,2018-02-22
289,2018-02-23
290,2018-02-26
291,2018-02-27
292,2018-02-28
293,2018-03-01
294,2018-03-02
295,2018-03-05
296,2018-03-06
297,2018-03-07
298,2018-03-08
299,2018-03-09
300,2018-03-12
301,2018-03-13
302,2018-03-14
303,2018-03-15
304,2018-03-16
305,2018-03-19
306,2018-03-20
307,2018-03-21
308,2018-03-22
309,2018-03-23
310,2018-03-26
311,2018-03-27
312,2018-03-28
313,2018-03-29
314,2018-04-03
315,2018-04-04
316,2018-04-05
317,2018-04-06
318,2018-04-09
319,2018-04-10
320,2018-04-11
321,2018-04-12
322,2018-04-13
323,2018-04-16
324,2018-04-17
325,2018-04-18
326,2018-04-19
327,2018-04-20
328,2018-04-23
329,2018-04-24
330,2018-04-25
331,2018-04-26
332,2018-04-27
333,2018-04-30
334,2018-05-02
335,2018-05-03
336,2018-05-04
337,2018-05-07
338,2018-05-09
339,2018-05-10
340,2018-05-11
341,2018-05-14
342,2018-05-15
343,2018-05-16
344,2018-05-17
345,2018-05-18
346,2018-05-21
347,2018-05-22
348,2018-05-23
349,2018-05-24
350,2018-05-25
351,2018-05-28
352,2018-05-29
353,2018-05-30
354,2018-05-31
355,2018-06-01
356,2018-06-04
357,2018-06-05
358,2018-06-06
359,2018-06-07
360,2018-06-08
361,2018-06-11
362,2018-06-12
363,2018-06-13
364,2018-06-14
365,2018-06-15
366,2018-06-18
367,2018-06-19
368,2018-06-20
369,2018-06-21
370,2018-06-22
371,2018-06-25
372,2018-06-26
373,2018-06-27
374,2018-06-28
375,2018-06-29
376,2018-07-02
377,2018-07-03
378,2018-07-04
379,2018-07-09
380,2018-07-10
381,2018-07-11
382,2018-07-12
383,2018-07-13
384,2018-07-16
385,2018-07-17
386,2018-07-18
387,2018-07-19
388,2018-07-20
389,2018-07-23
390,2018-07-24
391,2018-07-25
392,2018-07-26
393,2018-07-27
394,2018-07-30
395,2018-07-31
396,2018-08-01
397,2018-08-02
398,2018-08-03
399,2018-08-06
400,2018-08-07
401,2018-08-08
402,2018-08-09
403,2018-08-10
404,2018-08-13
405,2018-08-14
406,2018-08-15
407,2018-08-16
408,2018-08-17
409,2018-08-20
410,2018-08-21
411,2018-08-22
412,2018-08-23
413,2018-08-24
414,2018-08-27
415,2018-08-28
416,2018-08-29
417,2018-08-30
418,2018-08-31
419,2018-09-03
420,2018-09-04
421,2018-09-05
422,2018-09-06
423,2018-09-07
424,2018-09-10
425,2018-09-11
426,2018-09-12
427,2018-09-13
428,2018-09-14
429,2018-09-17
430,2018-09-18
431,2018-09-19
432,2018-09-20
433,2018-09-21
434,2018-09-24
435,2018-09-25
436,2018-09-26
437,2018-09-27
438,2018-10-01
439,2018-10-02
440,2018-10-03
441,2018-10-04
442,2018-10-05
443,2018-10-08
444,2018-10-09
445,2018-10-10
446,2018-10-11
447,2018-10-12
448,2018-10-15
449,2018-10-16
450,2018-10-17
451,2018-10-18
452,2018-10-19
453,2018-10-22
454,2018-10-23
455,2018-10-24
456,2018-10-25
457,2018-10-26
458,2018-10-29
459,2018-10-30
460,2018-10-31
461,2018-11-01
462,2018-11-02
463,2018-11-05
464,2018-11-06
465,2018-11-07
466,2018-11-08
467,2018-11-09
468,2018-11-12
469,2018-11-13
470,2018-11-14
471,2018-11-15
472,2018-11-16
473,2018-11-19
474,2018-11-20
475,2018-11-21
476,2018-11-22
477,2018-11-23
478,2018-11-26
479,2018-11-27
480,2018-11-28
481,2018-11-29
482,2018-11-30
483,2018-12-03
484,2018-12-04
485,2018-12-05
486,2018-12-06
487,2018-12-07
488,2018-12-10
489,2018-12-11
490,2018-12-12
491,2018-12-13
492,2018-12-14
493,2018-12-17
494,2018-12-18
495,2018-12-19
496,2018-12-20
497,2018-12-21
498,2018-12-27
499,2018-12-28
500,2018-12-31
501,2019-01-02
502,2019-01-03
503,2019-01-04
504,2019-01-07
505,2019-01-08
506,2019-01-09
507,2019-01-10
508,2019-01-11
509,2019-01-14
510,2019-01-15
511,2019-01-16
512,2019-01-17
513,2019-01-18
514,2019-01-21
515,2019-01-22
516,2019-01-23
517,2019-01-24
518,2019-01-25
519,2019-01-28
520,2019-01-29
521,2019-01-30
522,2019-01-31
523,2019-02-01
524,2019-02-04
525,2019-02-05
526,2019-02-06
527,2019-02-07
528,2019-02-08
529,2019-02-11
530,2019-02-12
531,2019-02-13
532,2019-02-14
533,2019-02-15
534,2019-02-18
535,2019-02-19
536,2019-02-20
537,2019-02-21
538,2019-02-22
539,2019-02-25
540,2019-02-26
541,2019-02-27
542,2019-02-28
543,2019-03-01
544,2019-03-04
545,2019-03-05
546,2019-03-06
547,2019-03-07
548,2019-03-08
549,2019-03-11
550,2019-03-12
551,2019-03-13
552,2019-03-14
553,2019-03-15
554,2019-03-18
555,2019-03-19
556,2019-03-20
557,2019-03-21
558,2019-03-22
559,2019-03-25
560,2019-03-26
561,2019-03-27
562,2019-03-28
563,2019-03-29
564,2019-04-01
565,2019-04-02
566,2019-04-03
567,2019-04-04
568,2019-04-05
569,2019-04-08
570,2019-04-09
571,2019-04-10
572,2019-04-11
573,2019-04-12
574,2019-04-15
575,2019-04-16
576,2019-04-17
577,2019-04-18
578,2019-04-23
579,2019-04-24
580,2019-04-25
581,2019-04-26
582,2019-04-29
583,2019-04-30
584,2019-05-02
585,2019-05-03
586,2019-05-06
587,2019-05-07
588,2019-05-09
589,2019-05-10
590,2019-05-13
591,2019-05-14
592,2019-05-15
593,2019-05-16
594,2019-05-17
595,2019-05-20
596,2019-05-21
597,2019-05-22
598,2019-05-23
599,2019-05-24
600,2019-05-27
601,2019-05-28
602,2019-05-29
603,2019-05-30
604,2019-05-31
605,2019-06-03
606,2019-06-04
607,2019-06-05
608,2019-06-06
609,2019-06-07
610,2019-06-10
611,2019-06-11
612,2019-06-12
613,2019-06-13
614,2019-06-14
615,2019-06-17
616,2019-06-18
617,2019-06-19
618,2019-06-20
619,2019-06-21
620,2019-06-24
621,2019-06-25
622,2019-06-26
623,2019-06-27
624,2019-06-28
625,2019-07-01
626,2019-07-02
627,2019-07-03
628,2019-07-04
629,2019-07-08
630,2019-07-09
631,2019-07-10
632,2019-07-11
633,2019-07-12
634,2019-07-15
635,2019-07-16
636,2019-07-17
637,2019-07-18
638,2019-07-19
639,2019-07-22
640,2019-07-23
641,2019-07-24
642,2019-07-25
643,2019-07-26
644,2019-07-29
645,2019-07-30
646,2019-07-31
647,2019-08-01
648,2019-08-02
649,2019-08-05
650,2019-08-06
651,2019-08-07
652,2019-08-08
653,2019-08-09
654,2019-08-12
655,2019-08-13
656,2019-08-14
657,2019-08-15
658,2019-08-16
659,2019-08-19
660,2019-08-20
661,2019-08-21
662,2019-08-22
663,2019-08-23
664,2019-08-26
665,2019-08-27
666,2019-08-28
667,2019-08-29
668,2019-08-30
669,2019-09-02
670,2019-09-03
671,2019-09-04
672,2019-09-05
673,2019-09-06
674,2019-09-09
675,2019-09-10
676,2019-09-11
677,2019-09-12
678,2019-09-13
679,2019-09-16
680,2019-09-17
681,2019-09-18
682,2019-09-19
683,2019-09-20
684,2019-09-23
685,2019-09-24
686,2019-09-25
687,2019-09-26
688,2019-09-27
689,2019-09-30
690,2019-10-01
691,2019-10-02
692,2019-10-03
693,2019-10-04
694,2019-10-07
695,2019-10-08
696,2019-10-09
697,2019-10-10
698,2019-10-11
699,2019-10-14
700,2019-10-15
701,2019-10-16
702,2019-10-17
703,2019-10-18
704,2019-10-21
705,2019-10-22
706,2019-10-23
707,2019-10-24
708,2019-10-25
709,2019-10-29
710,2019-10-30
711,2019-10-31
712,2019-11-01
713,2019-11-04
714,2019-11-05
715,2019-11-06
716,2019-11-07
717,2019-11-08
718,2019-11-11
719,2019-11-12
720,2019-11-13
721,2019-11-14
722,2019-11-15
723,2019-11-18
724,2019-11-19
725,2019-11-20
726,2019-11-21
727,2019-11-22
728,2019-11-25
729,2019-11-26
730,2019-11-27
731,2019-11-28
732,2019-11-29
733,2019-12-02
734,2019-12-03
735,2019-12-04
736,2019-12-05
737,2019-12-06
738,2019-12-09
739,2019-12-10
740,2019-12-11
741,2019-12-12
742,2019-12-13
743,2019-12-16
744,2019-12-17
745,2019-12-18
746,2019-12-19
747,2019-12-20
748,2019-12-23
749,2019-12-27
750,2019-12-30
751,2019-12-31
752,2020-01-02
753,2020-01-03
754,2020-01-06
755,2020-01-07
756,2020-01-08
757,2020-01-09
758,2020-01-10
759,2020-01-13
760,2020-01-14
761,2020-01-15
762,2020-01-16
763,2020-01-17
764,2020-01-20
765,2020-01-21
766,2020-01-22
767,2020-01-23
768,2020-01-24
769,2020-01-27
770,2020-01-28
771,2020-01-29
772,2020-01-30
773,2020-01-31
774,2020-02-03
775,2020-02-04
776,2020-02-05
777,2020-02-06
778,2020-02-07
779,2020-02-10
780,2020-02-11
781,2020-02-12
782,2020-02-13
783,2020-02-14
784,2020-02-17
785,2020-02-18
786,2020-02-19
787,2020-02-20
788,2020-02-21
789,2020-02-24
790,2020-02-25
791,2020-02-26
792,2020-02-27
793,2020-02-28
794,2020-03-02
795,2020-03-03
796,2020-03-04
797,2020-03-05
798,2020-03-06
799,2020-03-09
800,2020-03-10
801,2020-03-11
802,2020-03-12
803,2020-03-13
804,2020-03-16
805,2020-03-17
806,2020-03-18
807,2020-03-19
808,2020-03-20
809,2020-03-23
810,2020-03-24
811,2020-03-25
812,2020-03-26
813,2020-03-27
814,2020-03-30
815,2020-03-31
816,2020-04-01
817,2020-04-02
818,2020-04-03
819,2020-04-06
820,2020-04-07
821,2020-04-08
822,2020-04-09
823,2020-04-14
824,2020-04-15
825,2020-04-16
826,2020-04-17
827,2020-04-20
828,2020-04-21
829,2020-04-22
830,2020-04-23
831,2020-04-24
832,2020-04-27
833,2020-04-28
834,2020-04-29
835,2020-04-30
836,2020-05-04
837,2020-05-05
838,2020-05-06
839,2020-05-07
840,2020-05-11
841,2020-05-12
842,2020-05-13
843,2020-05-14
844,2020-05-15
845,2020-05-18
846,2020-05-19
847,2020-05-20
848,2020-05-21
849,2020-05-22
850,2020-05-25
851,2020-05-26
852,2020-05-27
853,2020-05-28
854,2020-05-29
855,2020-06-01
856,2020-06-02
857,2020-06-03
858,2020-06-04
859,2020-06-05
860,2020-06-08
861,2020-06-09
862,2020-06-10
863,2020-06-11
864,2020-06-12
865,2020-06-15
866,2020-06-16
867,2020-06-17
868,2020-06-18
869,2020-06-19
870,2020-06-22
871,2020-06-23
872,2020-06-24
873,2020-06-25
874,2020-06-26
875,2020-06-29
876,2020-06-30
877,2020-07-01
878,2020-07-02
879,2020-07-03
880,2020-07-07
881,2020-07-08
882,2020-07-09
883,2020-07-10
884,2020-07-13
885,2020-07-14
886,2020-07-15
887,2020-07-16
888,2020-07-17
889,2020-07-20
890,2020-07-21
891,2020-07-22
892,2020-07-23
893,2020-07-24
894,2020-07-27
895,2020-07-28
896,2020-07-29
897,2020-07-30
898,2020-07-31
899,2020-08-03
900,2020-08-04
901,2020-08-05
902,2020-08-06
903,2020-08-07
904,2020-08-10
905,2020-08-11
906,2020-08-12
907,2020-08-13
908,2020-08-14
909,2020-08-17
910,2020-08-18
911,2020-08-19
912,2020-08-20
913,2020-08-21
914,2020-08-24
915,2020-08-25
916,2020-08-26
917,2020-08-27
918,2020-08-28
919,2020-08-31
920,2020-09-01
921,2020-09-02
922,2020-09-03
923,2020-09-04
924,2020-09-07
925,2020-09-08
926,2020-09-09
927,2020-09-10
928,2020-09-11
929,2020-09-14
930,2020-09-15
931,2020-09-16
932,2020-09-17
933,2020-09-18
934,2020-09-21
935,2020-09-22
936,2020-09-23
937,2020-09-24
938,2020-09-25
939,2020-09-29
940,2020-09-30
941,2020-10-01
942,2020-10-02
943,2020-10-05
944,2020-10-06
945,2020-10-07
946,2020-10-08
947,2020-10-09
948,2020-10-12
949,2020-10-13
950,2020-10-14
951,2020-10-15
952,2020-10-16
953,2020-10-19
954,2020-10-20
955,2020-10-21
956,2020-10-22
957,2020-10-23
958,2020-10-26
959,2020-10-27
960,2020-10-29
961,2020-10-30
962,2020-11-02
963,2020-11-03
964,2020-11-04
965,2020-11-05
966,2020-11-06
967,2020-11-09
968,2020-11-10
969,2020-11-11
970,2020-11-12
971,2020-11-13
972,2020-11-16
973,2020-11-18
974,2020-11-19
975,2020-11-20
976,2020-11-23
977,2020-11-24
978,2020-11-25
979,2020-11-26
980,2020-11-27
981,2020-11-30
982,2020-12-01
983,2020-12-02
984,2020-12-03
985,2020-12-04
986,2020-12-07
987,2020-12-08
988,2020-12-09
989,2020-12-10
990,2020-12-11
991,2020-12-14
992,2020-12-15
993,2020-12-16
994,2020-12-17
995,2020-12-18
996,2020-12-21
997,2020-12-22
998,2020-12-23
999,2020-12-28
1000,2020-12-29
1001,2020-12-30
1002,2020-12-31
1003,2021-01-04
1004,2021-01-05
1005,2021-01-06
1006,2021-01-07
1007,2021-01-08
1008,2021-01-11
1009,2021-01-12
1010,2021-01-13
1011,2021-01-14
1012,2021-01-15
1013,2021-01-18
1014,2021-01-19
1015,2021-01-20
1016,2021-01-21
1017,2021-01-22
1018,2021-01-25
1019,2021-01-26
1020,2021-01-27
1021,2021-01-28
1022,2021-01-29
1023,2021-02-01
1024,2021-02-02
1025,2021-02-03
1026,2021-02-04
1027,2021-02-05
1028,2021-02-08
1029,2021-02-09
1030,2021-02-10
1031,2021-02-11
1032,2021-02-12
1033,2021-02-15
1034,2021-02-16
1035,2021-02-17
1036,2021-02-18
1037,2021-02-19
1038,2021-02-22
1039,2021-02-23
1040,2021-02-24
1041,2021-02-25
1042,2021-02-26
1043,2021-03-01
1044,2021-03-02
1045,2021-03-03
1046,2021-03-04
1047,2021-03-05
1048,2021-03-08
1049,2021-03-09
1050,2021-03-10
1051,2021-03-11
1052,2021-03-12
1053,2021-03-15
1054,2021-03-16
1055,2021-03-17
1056,2021-03-18
1057,2021-03-19
1058,2021-03-22
1059,2021-03-23
1060,2021-03-24
1061,2021-03-25
1062,2021-03-26
1063,2021-03-29
1064,2021-03-30
1065,2021-03-31
1066,2021-04-01
1067,2021-04-06
1068,2021-04-07
1069,2021-04-08
1070,2021-04-09
1071,2021-04-12
1072,2021-04-13
1073,2021-04-14
1074,2021-04-15
1075,2021-04-16
1076,2021-04-19
1077,2021-04-20
1078,2021-04-21
1079,2021-04-22
1080,2021-04-23
1081,2021-04-26
1082,2021-04-27
1083,2021-04-28
1084,2021-04-29
1085,2021-04-30
1086,2021-05-03
1087,2021-05-04
1088,2021-05-05
1089,2021-05-06
1090,2021-05-07
1091,2021-05-10
1092,2021-05-11
1093,2021-05-12
1094,2021-05-13
1095,2021-05-14
1096,2021-05-17
1097,2021-05-18
1098,2021-05-19
1099,2021-05-20
1100,2021-05-21
1101,2021-05-24
1102,2021-05-25
1103,2021-05-26
1104,2021-05-27
1105,2021-05-28
1106,2021-05-31
1107,2021-06-01
1108,2021-06-02
1109,2021-06-03
1110,2021-06-04
1111,2021-06-07
1112,2021-06-08
1113,2021-06-09
1114,2021-06-10
1115,2021-06-11
1116,2021-06-14
1117,2021-06-15
1118,2021-06-16
1119,2021-06-17
1120,2021-06-18
1121,2021-06-21
1122,2021-06-22
1123,2021-06-23
1124,2021-06-24
1125,2021-06-25
1126,2021-06-28
1127,2021-06-29
1128,2021-06-30
1129,2021-07-01
1130,2021-07-02
1131,2021-07-07
1132,2021-07-08
1133,2021-07-09
1134,2021-07-12
1135,2021-07-13
1136,2021-07-14
1137,2021-07-15
1138,2021-07-16
1139,2021-07-19
1140,2021-07-20
1141,2021-07-21
1142,2021-07-22
1143,2021-07-23
1144,2021-07-26
1145,2021-07-27
1146,2021-07-28
1147,2021-07-29
1148,2021-07-30
1149,2021-08-02
1150,2021-08-03
1151,2021-08-04
1152,2021-08-05
1153,2021-08-06
1154,2021-08-09
1155,2021-08-10
1156,2021-08-11
1157,2021-08-12
1158,2021-08-13
1159,2021-08-16
1160,2021-08-17
1161,2021-08-18
1162,2021-08-19
1163,2021-08-20
1164,2021-08-23
1165,2021-08-24
1166,2021-08-25
1167,2021-08-26
1168,2021-08-27
1169,2021-08-30
1170,2021-08-31
1171,2021-09-01
1172,2021-09-02
1173,2021-09-03
1174,2021-09-06
1175,2021-09-07
1176,2021-09-08
1177,2021-09-09
1178,2021-09-10
1179,2021-09-13
1180,2021-09-14
1181,2021-09-15
1182,2021-09-16
1183,2021-09-17
1184,2021-09-20
1185,2021-09-21
1186,2021-09-22
1187,2021-09-23
1188,2021-09-24
1189,2021-09-27
1190,2021-09-29
1191,2021-09-30
1192,2021-10-01
1193,2021-10-04
1194,2021-10-05
1195,2021-10-06
1196,2021-10-07
1197,2021-10-08
1198,2021-10-11
1199,2021-10-12
1200,2021-10-13
1201,2021-10-14
1202,2021-10-15
1203,2021-10-18
1204,2021-10-19
1205,2021-10-20
1206,2021-10-21
1207,2021-10-22
1208,2021-10-25
1209,2021-10-26
1210,2021-10-27
1211,2021-10-29
1212,2021-11-01
1213,2021-11-02
1214,2021-11-03
1215,2021-11-04
1216,2021-11-05
1217,2021-11-08
1218,2021-11-09
1219,2021-11-10
1220,2021-11-11
1221,2021-11-12
1222,2021-11-15
1223,2021-11-16
1224,2021-11-18
1225,2021-11-19
1226,2021-11-22
1227,2021-11-23
1228,2021-11-24
1229,2021-11-25
1230,2021-11-26
1231,2021-11-29
1232,2021-11-30
1233,2021-12-01
1234,2021-12-02
1235,2021-12-03
1236,2021-12-06
1237,2021-12-07
1238,2021-12-08
1239,2021-12-09
1240,2021-12-10
1241,2021-12-13
1242,2021-12-14
1243,2021-12-15
1244,2021-12-16
1245,2021-12-17
1246,2021-12-20
1247,2021-12-21
1248,2021-12-22
1249,2021-12-23
1250,2021-12-27
1251,2021-12-28
1252,2021-12-29
1253,2021-12-30
1254,2021-12-31
1255,2022-01-03
1256,2022-01-04
1257,2022-01-05
1258,2022-01-06
1259,2022-01-07
1260,2022-01-10
1261,2022-01-11
1262,2022-01-12
1263,2022-01-13
1264,2022-01-14
1265,2022-01-17
1266,2022-01-18
1267,2022-01-19
1268,2022-01-20
1269,2022-01-21
1270,2022-01-24
1271,2022-01-25
1272,2022-01-26
1273,2022-01-27
1274,2022-01-28
1275,2022-01-31
1276,2022-02-01
1277,2022-02-02
1278,2022-02-03
1279,2022-02-04
1280,2022-02-07
1281,2022-02-08
1282,2022-02-09
1283,2022-02-10
1284,2022-02-11
1285,2022-02-14
1286,2022-02-15
1287,2022-02-16
1288,2022-02-17
1289,2022-02-18
1290,2022-02-21
1291,2022-02-22
1292,2022-02-23
1293,2022-02-24
1294,2022-02-25
1295,2022-02-28
1296,2022-03-01
1297,2022-03-02
1298,2022-03-03
1299,2022-03-04
1300,2022-03-07
1301,2022-03-08
1302,2022-03-09
1303,2022-03-10
1304,2022-03-11
1305,2022-03-14
1306,2022-03-15
1307,2022-03-16
1308,2022-03-17
1309,2022-03-18
1310,2022-03-21
1311,2022-03-22
1312,2022-03-23
1313,2022-03-24
1314,2022-03-25
1315,2022-03-28
1316,2022-03-29
1317,2022-03-30
1318,2022-03-31
1319,2022-04-01
1320,2022-04-04
1321,2022-04-05
1322,2022-04-06
1323,2022-04-07
1324,2022-04-08
1325,2022-04-11
1326,2022-04-12
1327,2022-04-13
1328,2022-04-14
1329,2022-04-19
1330,2022-04-20
1331,2022-04-21
1332,2022-04-22
1333,2022-04-25
1334,2022-04-26
1335,2022-04-27
1336,2022-04-28
1337,2022-04-29
1338,2022-05-02
1339,2022-05-03
1340,2022-05-04
1341,2022-05-05
1342,2022-05-06
1343,2022-05-09
1344,2022-05-10
1345,2022-05-11
1346,2022-05-12
1347,2022-05-13
1348,2022-05-16
1349,2022-05-17
1350,2022-05-18
1351,2022-05-19
1352,2022-05-20
1353,2022-05-23
1354,2022-05-24
1355,2022-05-25
1356,2022-05-26
1357,2022-05-27
1358,2022-05-30
1359,2022-05-31
1360,2022-06-01
1361,2022-06-02
1362,2022-06-03
1363,2022-06-06
1364,2022-06-07
1365,2022-06-08
1366,2022-06-09
1367,2022-06-10
1368,2022-06-13
1369,2022-06-14
1370,2022-06-15
1371,2022-06-16
1372,2022-06-17
1373,2022-06-20
1374,2022-06-21
1375,2022-06-22
1376,2022-06-23
1377,2022-06-24
1378,2022-06-27
1379,2022-06-28
1380,2022-06-29
1381,2022-06-30
1382,2022-07-01
1383,2022-07-04
1384,2022-07-07
1385,2022-07-08
1386,2022-07-11
1387,2022-07-12
1388,2022-07-13
1389,2022-07-14
1390,2022-07-15
1391,2022-07-18
1392,2022-07-19
1393,2022-07-20
1394,2022-07-21
1395,2022-07-22
1396,2022-07-25
1397,2022-07-26
1398,2022-07-27
1399,2022-07-28
1400,2022-07-29
1401,2022-08-01
1402,2022-08-02
1403,2022-08-03
1404,2022-08-04
1405,2022-08-05
1406,2022-08-08
1407,2022-08-09
1408,2022-08-10
1409,2022-08-11
1410,2022-08-12
1411,2022-08-15
1412,2022-08-16
1413,2022-08-17
1414,2022-08-18
1415,2022-08-19
1416,2022-08-22
1417,2022-08-23
1418,2022-08-24
1419,2022-08-25
1420,2022-08-26
1421,2022-08-29
1422,2022-08-30
1423,2022-08-31
1424,2022-09-01
1425,2022-09-02
1426,2022-09-05
1427,2022-09-06
1428,2022-09-07
1429,2022-09-08
1430,2022-09-09
1431,2022-09-12
1432,2022-09-13
1433,2022-09-14
1434,2022-09-15
1435,2022-09-16
1436,2022-09-19
1437,2022-09-20
1438,2022-09-21
1439,2022-09-22
1440,2022-09-23
1441,2022-09-26
1442,2022-09-27
1443,2022-09-29
1444,2022-09-30
1445,2022-10-03
1446,2022-10-04
1447,2022-10-05
1448,2022-10-06
1449,2022-10-07
1450,2022-10-10
1451,2022-10-11
1452,2022-10-12
1453,2022-10-13
1454,2022-10-14
1455,2022-10-17
1456,2022-10-18
1457,2022-10-19
1458,2022-10-20
1459,2022-10-21
1460,2022-10-24
1461,2022-10-25
1462,2022-10-26
1463,2022-10-27
1464,2022-10-31
1465,2022-11-01
1466,2022-11-02
1467,2022-11-03
1468,2022-11-04
1469,2022-11-07
1470,2022-11-08
1471,2022-11-09
1472,2022-11-10
1473,2022-11-11
1474,2022-11-14
1475,2022-11-15
1476,2022-11-16
1477,2022-11-18
1478,2022-11-21
1479,2022-11-22
1480,2022-11-23
1481,2022-11-24
1482,2022-11-25
1483,2022-11-28
1484,2022-11-29
1485,2022-11-30
1486,2022-12-01
1487,2022-12-02
1488,2022-12-05
1489,2022-12-06
1490,2022-12-07
1491,2022-12-08
1492,2022-12-09
1493,2022-12-12
1494,2022-12-13
1495,2022-12-14
1496,2022-12-15
1497,2022-12-16
1498,2022-12-19
1499,2022-12-20
1500,2022-12-21
1501,2022-12-22
1502,2022-12-23
1503,2022-12-27
1504,2022-12-28
1505,2022-12-29
1506,2022-12-30
1507,2023-01-02
1508,2023-01-03
1509,2023-01-04
1510,2023-01-05
1511,2023-01-06
1512,2023-01-09
1513,2023-01-10
1514,2023-01-11
1515,2023-01-12
1516,2023-01-13
1517,2023-01-16
1518,2023-01-17
1519,2023-01-18
1520,2023-01-19
1521,2023-01-20
1522,2023-01-23
1523,2023-01-24
1524,2023-01-25
1525,2023-01-26
1526,2023-01-27
1527,2023-01-30
1528,2023-01-31
1529,2023-02-01
1530,2023-02-02
1531,2023-02-03
1532,2023-02-06
1533,2023-02-07
1534,2023-02-08
1535,2023-02-09
1536,2023-02-10
1537,2023-02-13
1538,2023-02-14
1539,2023-02-15
1540,2023-02-16
1541,2023-02-17
1542,2023-02-20
1543,2023-02-21
1544,2023-02-22
1545,2023-02-23
1546,2023-02-24
1547,2023-02-27
1548,2023-02-28
1549,2023-03-01
1550,2023-03-02
1551,2023-03-03
1552,2023-03-06
1553,2023-03-07
1554,2023-03-08
1555,2023-03-09
1556,2023-03-10
1557,2023-03-13
1558,2023-03-14
1559,2023-03-15
1560,2023-03-16
1561,2023-03-17
1562,2023-03-20
1563,2023-03-21
1564,2023-03-22
1565,2023-03-23
1566,2023-03-24
1567,2023-03-27
1568,2023-03-28
1569,2023-03-29
1570,2023-03-30
1571,2023-03-31
1572,2023-04-03
1573,2023-04-04
1574,2023-04-05
1575,2023-04-06
1576,2023-04-11
1577,2023-04-12
1578,2023-04-13
1579,2023-04-14
1580,2023-04-17
1581,2023-04-18
1582,2023-04-19
1583,2023-04-20
1584,2023-04-21
1585,2023-04-24
1586,2023-04-25
1587,2023-04-26
1588,2023-04-27
1589,2023-04-28
1590,2023-05-02
1591,2023-05-03
1592,2023-05-04
1593,2023-05-05
1594,2023-05-09
1595,2023-05-10
1596,2023-05-11
1597,2023-05-12
1598,2023-05-15
1599,2023-05-16
1600,2023-05-17
1601,2023-05-18
1602,2023-05-19
1603,2023-05-22
1604,2023-05-23
1605,2023-05-24
1606,2023-05-25
1607,2023-05-26
1608,2023-05-29
1609,2023-05-30
1610,2023-05-31
1611,2023-06-01
1612,2023-06-02
1613,2023-06-05
1614,2023-06-06
1615,2023-06-07
1616,2023-06-08
1617,2023-06-09
1618,2023-06-12
1619,2023-06-13
1620,2023-06-14
1621,2023-06-15
1622,2023-06-16
1623,2023-06-19
1624,2023-06-20
1625,2023-06-21
1626,2023-06-22
1627,2023-06-23
1628,2023-06-26
1629,2023-06-27
1630,2023-06-28
1631,2023-06-29
1632,2023-06-30
1633,2023-07-03
1634,2023-07-04
1635,2023-07-07
1636,2023-07-10
1637,2023-07-11
1638,2023-07-12
1639,2023-07-13
1640,2023-07-14
1641,2023-07-17
1642,2023-07-18
1643,2023-07-19
1644,2023-07-20
1645,2023-07-21
1646,2023-07-24
1647,2023-07-25
1648,2023-07-26
1649,2023-07-27
1650,2023-07-28
1651,2023-07-31
1652,2023-08-01
1653,2023-08-02
1654,2023-08-03
1655,2023-08-04
1656,2023-08-07
1657,2023-08-08
1658,2023-08-09
1659,2023-08-10
1660,2023-08-11
1661,2023-08-14
1662,2023-08-15
1663,2023-08-16
1664,2023-08-17
1665,2023-08-18
1666,2023-08-21
1667,2023-08-22
1668,2023-08-23
1669,2023-08-24
1670,2023-08-25
1671,2023-08-28
1672,2023-08-29
1673,2023-08-30
1674,2023-08-31
1675,2023-09-01
1676,2023-09-04
1677,2023-09-05
1678,2023-09-06
1679,2023-09-07
1680,2023-09-08
1681,2023-09-11
1682,2023-09-12
1683,2023-09-13
1684,2023-09-14
1685,2023-09-15
1686,2023-09-18
1687,2023-09-19
1688,2023-09-20
1689,2023-09-21
1690,2023-09-22
1691,2023-09-25
1692,2023-09-26
1693,2023-09-27
1694,2023-09-29
1695,2023-10-02
1696,2023-10-03
1697,2023-10-04
1698,2023-10-05
1699,2023-10-06
1700,2023-10-09
1701,2023-10-10
1702,2023-10-11
1703,2023-10-12
1704,2023-10-13
1705,2023-10-16
1706,2023-10-17
1707,2023-10-18
1708,2023-10-19
1709,2023-10-20
1710,2023-10-23
1711,2023-10-24
1712,2023-10-25
1713,2023-10-26
1714,2023-10-27
1715,2023-10-30
1716,2023-10-31
1717,2023-11-01
1718,2023-11-02
1719,2023-11-03
1720,2023-11-06
1721,2023-11-07
1722,2023-11-08
1723,2023-11-09
1724,2023-11-10
1725,2023-11-13
1726,2023-11-14
1727,2023-11-15
1728,2023-11-16
1729,2023-11-20
1730,2023-11-21
1731,2023-11-22
1732,2023-11-23
1733,2023-11-24
1734,2023-11-27
1735,2023-11-28
1736,2023-11-29
1737,2023-11-30
1738,2023-12-01
1739,2023-12-04
1740,2023-12-05
1741,2023-12-06
1742,2023-12-07
1743,2023-12-08
1744,2023-12-11
1745,2023-12-12
1746,2023-12-13
1747,2023-12-14
1748,2023-12-15
1749,2023-12-18
1750,2023-12-19
1751,2023-12-20
1752,2023-12-21
1753,2023-12-22
1754,2023-12-27
1755,2023-12-28
1756,2023-12-29
1757,2024-01-02
1758,2024-01-03
1759,2024-01-04
1760,2024-01-05
1761,2024-01-08
1762,2024-01-09
1763,2024-01-10
1764,2024-01-11
1765,2024-01-12
1766,2024-01-15
1767,2024-01-16
1768,2024-01-17
1769,2024-01-18
1770,2024-01-19
1771,2024-01-22
1772,2024-01-23
1773,2024-01-24
1774,2024-01-25
1775,2024-01-26
1776,2024-01-29
1777,2024-01-30
1778,2024-01-31
1779,2024-02-01
1780,2024-02-02
1781,2024-02-05
1782,2024-02-06
1783,2024-02-07
1784,2024-02-08
1785,2024-02-09
1786,2024-02-12
1787,2024-02-13
1788,2024-02-14
1789,2024-02-15
1790,2024-02-16
1791,2024-02-19
1792,2024-02-20
1793,2024-02-21
1794,2024-02-22
1795,2024-02-23
1796,2024-02-26
1797,2024-02-27
1798,2024-02-28
1799,2024-02-29
1800,2024-03-01
1801,2024-03-04
1802,2024-03-05
1803,2024-03-06
1804,2024-03-07
1805,2024-03-08
1806,2024-03-11
1807,2024-03-12
1808,2024-03-13
1809,2024-03-14
1810,2024-03-15
1811,2024-03-18
1812,2024-03-19
1813,2024-03-20
1814,2024-03-21
1815,2024-03-22
1816,2024-03-25
1817,2024-03-26
1818,2024-03-27
1819,2024-03-28
1820,2024-04-02
1821,2024-04-03
1822,2024-04-04
1823,2024-04-05
1824,2024-04-08
1825,2024-04-09
1826,2024-04-10
1827,2024-04-11
1828,2024-04-12
1829,2024-04-15
1830,2024-04-16
1831,2024-04-17
1832,2024-04-18
1833,2024-04-19
1834,2024-04-22
1835,2024-04-23
1836,2024-04-24
1837,2024-04-25
1838,2024-04-26
1839,2024-04-29
1840,2024-04-30
1841,2024-05-02
1842,2024-05-03
1843,2024-05-06
1844,2024-05-07
1845,2024-05-09
1846,2024-05-10
1847,2024-05-13
1848,2024-05-14
1849,2024-05-15
1850,2024-05-16
1851,2024-05-17
1852,2024-05-20
1853,2024-05-21
1854,2024-05-22
1855,2024-05-23
1856,2024-05-24
1857,2024-05-27
1858,2024-05-28
1859,2024-05-29
1860,2024-05-30
1861,2024-05-31
1862,2024-06-03
1863,2024-06-04
1864,2024-06-05
1865,2024-06-06
1866,2024-06-07
1867,2024-06-10
1868,2024-06-11
1869,2024-06-12
1870,2024-06-13
1871,2024-06-14
1872,2024-06-17
1873,2024-06-18
1874,2024-06-19
1875,2024-06-20
1876,2024-06-21
1877,2024-06-24
1878,2024-06-25
1879,2024-06-26
1880,2024-06-27
1881,2024-06-28
1882,2024-07-01
1883,2024-07-02
1884,2024-07-03
1885,2024-07-04
1886,2024-07-08
1887,2024-07-09
1888,2024-07-10
1889,2024-07-11
1890,2024-07-12
1891,2024-07-15
1892,2024-07-16
1893,2024-07-17
1894,2024-07-18
1895,2024-07-19
1896,2024-07-22
1897,2024-07-23
1898,2024-07-24
1899,2024-07-25
1900,2024-07-26
1901,2024-07-29
1902,2024-07-30
1903,2024-07-31
1904,2024-08-01
1905,2024-08-02
1906,2024-08-05
1907,2024-08-06
1908,2024-08-07
1909,2024-08-08
1910,2024-08-09
1911,2024-08-12
1912,2024-08-13
1913,2024-08-14
1914,2024-08-15
1915,2024-08-16
1916,2024-08-19
1917,2024-08-20
1918,2024-08-21
1919,2024-08-22
1920,2024-08-23
1921,2024-08-26
1922,2024-08-27
1923,2024-08-28
1924,2024-08-29
1925,2024-08-30
1926,2024-09-02
1927,2024-09-03
1928,2024-09-04
1929,2024-09-05
1930,2024-09-06
1931,2024-09-09
1932,2024-09-10
1933,2024-09-11
1934,2024-09-12
1935,2024-09-13
1936,2024-09-16
1937,2024-09-17
1938,2024-09-18
1939,2024-09-19
1940,2024-09-20
1941,2024-09-23
1942,2024-09-24
1943,2024-09-25
1944,2024-09-26
1945,2024-09-27
1946,2024-09-30
1947,2024-10-01
1948,2024-10-02
1949,2024-10-03
1950,2024-10-04
1951,2024-10-07
1952,2024-10-08
1953,2024-10-09
1954,2024-10-10
1955,2024-10-11
1956,2024-10-14
1957,2024-10-15
1958,2024-10-16
1959,2024-10-17
1960,2024-10-18
1961,2024-10-21
1962,2024-10-22
1963,2024-10-23
1964,2024-10-24
1965,2024-10-25
1966,2024-10-29
1967,2024-10-30
1968,2024-10-31
1969,2024-11-01
1970,2024-11-04
1971,2024-11-05
1972,2024-11-06
1973,2024-11-07
1974,2024-11-08
1975,2024-11-11
1976,2024-11-12
1977,2024-11-13
1978,2024-11-14
1979,2024-11-15
1980,2024-11-18
1981,2024-11-19
1982,2024-11-20
1983,2024-11-21
1984,2024-11-22
1985,2024-11-25
1986,2024-11-26
1987,2024-11-27
1988,2024-11-28
1989,2024-11-29
1990,2024-12-02
1991,2024-12-03
1992,2024-12-04
1993,2024-12-05
1994,2024-12-06
1995,2024-12-09
1996,2024-12-10
1997,2024-12-11
1998,2024-12-12
1999,2024-12-13
2000,2024-12-16
2001,2024-12-17
2002,2024-12-18
2003,2024-12-19
2004,2024-12-20
2005,2024-12-23
2006,2024-12-27
2007,2024-12-30
2008,2024-12-31
2009,2025-01-02
2010,2025-01-03
2011,2025-01-06
2012,2025-01-07
2013,2025-01-08
2014,2025-01-09
2015,2025-01-10
2016,2025-01-13
2017,2025-01-14
2018,2025-01-15
2019,2025-01-16
2020,2025-01-17
2021,2025-01-20
2022,2025-01-21
2023,2025-01-22
2024,2025-01-23
2025,2025-01-24
2026,2025-01-27
2027,2025-01-28
2028,2025-01-29
2029,2025-01-30
2030,2025-01-31
2031,2025-02-03
2032,2025-02-04
2033,2025-02-05
2034,2025-02-06
2035,2025-02-07
2036,2025-02-10
2037,2025-02-11
2038,2025-02-12
2039,2025-02-13
2040,2025-02-14
2041,2025-02-17
2042,2025-02-18
2043,2025-02-19
2044,2025-02-20
2045,2025-02-21
2046,2025-02-24
2047,2025-02-25
2048,2025-02-26
2049,2025-02-27
2050,2025-02-28
2051,2025-03-03
2052,2025-03-04
2053,2025-03-05
2054,2025-03-06
2055,2025-03-07
2056,2025-03-10
2057,2025-03-11
2058,2025-03-12
2059,2025-03-13
2060,2025-03-14
2061,2025-03-17
2062,2025-03-18
2063,2025-03-19
2064,2025-03-20
2065,2025-03-21
2066,2025-03-24
2067,2025-03-25
2068,2025-03-26
2069,2025-03-27
2070,2025-03-28
2071,2025-03-31
2072,2025-04-01
2073,2025-04-02
2074,2025-04-03
2075,2025-04-04
2076,2025-04-07
2077,2025-04-08
2078,2025-04-09
2079,2025-04-10
2080,2025-04-11
2081,2025-04-14
2082,2025-04-15
2083,2025-04-16
2084,2025-04-17
2085,2025-04-22
2086,2025-04-23
2087,2025-04-24
2088,2025-04-25
2089,2025-04-28
2090,2025-04-29
2091,2025-04-30
2092,2025-05-02
2093,2025-05-05
2094,2025-05-06
2095,2025-05-07
2096,2025-05-09
2097,2025-05-12
2098,2025-05-13
2099,2025-05-14
2100,2025-05-15
2101,2025-05-16
2102,2025-05-19
2103,2025-05-20
2104,2025-05-21
2105,2025-05-22
2106,2025-05-23
2107,2025-05-26
2108,2025-05-27
2109,2025-05-28
2110,2025-05-29
2111,2025-05-30
2112,2025-06-02
2113,2025-06-03
2114,2025-06-04
2115,2025-06-05
2116,2025-06-06
2117,2025-06-09
2118,2025-06-10
2119,2025-06-11
2120,2025-06-12
2121,2025-06-13
2122,2025-06-16
2123,2025-06-17
2124,2025-06-18
2125,2025-06-19
2126,2025-06-20
2127,2025-06-23
2128,2025-06-24
2129,2025-06-25
2130,2025-06-26
2131,2025-06-27
2132,2025-06-30
2133,2025-07-01
2134,2025-07-02
2135,2025-07-03
2136,2025-07-04
2137,2025-07-07
2138,2025-07-08
2139,2025-07-09
2140,2025-07-10
2141,2025-07-11
2142,2025-07-14
2143,2025-07-15
2144,2025-07-16
2145,2025-07-17
2146,2025-07-18
2147,2025-07-21
2148,2025-07-22
2149,2025-07-23
2150,2025-07-24
2151,2025-07-25
2152,2025-07-28
2153,2025-07-29
2154,2025-07-30
2155,2025-07-31
2156,2025-08-01
2157,2025-08-04
2158,2025-08-05
2159,2025-08-06
2160,2025-08-07
2161,2025-08-08
2162,2025-08-11
2163,2025-08-12
2164,2025-08-13
2165,2025-08-14
2166,2025-08-15
2167,2025-08-18
2168,2025-08-19
2169,2025-08-20
2170,2025-08-21
2171,2025-08-22
2172,2025-08-25
2173,2025-08-26
2174,2025-08-27
2175,2025-08-28
2176,2025-08-29
2177,2025-09-01
2178,2025-09-02
2179,2025-09-03
2180,2025-09-04
2181,2025-09-05
2182,2025-09-08
2183,2025-09-09
2184,2025-09-10
2185,2025-09-11
2186,2025-09-12
2187,2025-09-15
2188,2025-09-16
2189,2025-09-17
2190,2025-09-18
2191,2025-09-19
2192,2025-09-22
2193,2025-09-23
2194,2025-09-24
2195,2025-09-25
2196,2025-09-26
2197,2025-09-29
2198,2025-09-30
2199,2025-10-01
2200,2025-10-02
2201,2025-10-03
2202,2025-10-06
2203,2025-10-07
2204,2025-10-08
2205,2025-10-09
2206,2025-10-10
2207,2025-10-13
2208,2025-10-14
2209,2025-10-15
2210,2025-10-16
2211,2025-10-17
2212,2025-10-20
2213,2025-10-21
2214,2025-10-22
2215,2025-10-23
2216,2025-10-24
2217,2025-10-27
2218,2025-10-29
2219,2025-10-30
2220,2025-10-31
2221,2025-11-03
2222,2025-11-04
2223,2025-11-05
2224,2025-11-06
2225,2025-11-07
2226,2025-11-10
2227,2025-11-11
2228,2025-11-12
2229,2025-11-13
2230,2025-11-14
2231,2025-11-18
2232,2025-11-19
2233,2025-11-20
2234,2025-11-21
2235,2025-11-24
2236,2025-11-25
2237,2025-11-26
2238,2025-11-27
2239,2025-11-28
2240,2025-12-01
2241,2025-12-02
2242,2025-12-03
2243,2025-12-04
2244,2025-12-05
2245,2025-12-08
2246,2025-12-09
2247,2025-12-10
2248,2025-12-11
2249,2025-12-12
2250,2025-12-15
2251,2025-12-16
2252,2025-12-17
2253,2025-12-18
2254,2025-12-19
2255,2025-12-22
2256,2025-12-23
2257,2025-12-29
2258,2025-12-30
2259,2025-12-31
